<?xml version="1.0" encoding="utf-8"?>
<network-security-config>
  <base-config cleartextTrafficPermitted="true">
    <trust-anchors>
      <certificates src="system" />
    </trust-anchors>
  </base-config>
  <domain-config cleartextTrafficPermitted="true">
    <domain includeSubdomains="true">localhost</domain>
  </domain-config>
  <domain-config cleartextTrafficPermitted="true">
    <domain includeSubdomains="true">myplans.bluecrossma.com</domain>
  </domain-config>
  <domain-config cleartextTrafficPermitted="true">
    <domain includeSubdomains="true">http://assets.adobedtm.com/</domain>
  </domain-config>
  <domain-config cleartextTrafficPermitted="true">
    <domain includeSubdomains="true">omni.bluecrossma.com</domain>
  </domain-config>
</network-security-config>
