{
    "ios": {
        "debug": {
            "codeSignIdentity": "iPhone Developer",
            "developmentTeam": "AS7XDGALWP",
            "packageType": "development"
        },
        "release": {
            "codeSignIdentity": "iPhone Developer",
            "developmentTeam": "AS7XDGALWP",
            "packageType": "app-store"
        }
    },
    "android": {
        "debug": {
            "keystore": "myblueKeyStore",
            "storePassword": "myblue",
            "alias": "key0",
            "password" : "myblue"
        },
        "release": {
            "keystore": "myblueKeyStore",
            "storePassword": "myblue",
            "alias": "key0",
            "password" : "myblue"
        }
    }
}


