{
  "project_info": {
    "project_number": "513980342890",
    "firebase_url": "https://myblueappredesign.firebaseio.com",
    "project_id": "myblueappredesign",
    "storage_bucket": "com.bluecrossma.BCBSMA.test"
  },
  "client": [
    {
      "client_info": {
        "mobilesdk_app_id": "1:513980342890:android:c2c20737ae810df1",
        "android_client_info": {
          "package_name": "com.bluecrossma.BCBSMA.test"
        }
      },
      "oauth_client": [
        {
          "client_id": "513980342890-6e3odgks880uppkiq1mmqkhie4hcr6he.apps.googleusercontent.com",
          "client_type": 3
        }
      ],
      "api_key": [
        {
          "current_key": "AIzaSyAYf_jXDEz5JiqhWZHFIJ20S-ElXXDFjfk"
        }
      ],
      "services": {
        "appinvite_service": {
          "other_platform_oauth_client": [
            {
              "client_id": "513980342890-6e3odgks880uppkiq1mmqkhie4hcr6he.apps.googleusercontent.com",
              "client_type": 3
            }
          ]
        }
      }
    }
  ],
  "configuration_version": "1"
}
